Table7 S2 tidal Clment parameters (see table 5 for explanation),,,,,,,,,,,,,,,,,,,,,,
,,,,,,,,,,,,,,,,,,,,,,
Table 7. S2 TIDAL CURRENT PARAMETERS,,,,,,,,,,,,,,,,,,,,,,
,,,,,,,,,,,,,,,,,,,,,,
Station,Record,Instr.,Above,,Fourier Coefficients,,,,,,,,,Current Ellipse Parameters,,,,,,,,
Lat.,Length,Depth,Bottom,,East,Error,Phase,Error,North,Error,Phase,Error,,Umajor,Error,Uminor,Error,Phase,Error,Orien,Error,
Long.,(Days),(m),(m),,(cm/s),(cm),(deg-g),(deg),(cm/s),(cm),(deg-g),(deg),,(cm/sec),(cm),(cm/sec),(cm),(deg-g),(deg),(deg-true),(deg),
,,,,,,,,,,,,,,,,,,,,,,
Scotian Shelf,,,,,,,,,,,,,,,,,,,,,,
,,,,,,,,,,,,,,,,,,,,,,
SS10,32,200,1400,,0.8,0,179,0,0.8,0,42,0,,1.1,0,-0.4,0,21,0,315,0,
43 34 N,22,500,1100,,0.5,0,246,0,0.1,0,274,0,,0.5,0,0,0,247,0,80,0,
59 04 W,,,,,,,,,,,,,,,,,,,,,,
,,,,,,,,,,,,,,,,,,,,,,
SS2A,35,555,245,,0.9,0,271,0,1.5,0,193,0,,1.5,0,-0.9,0,199,0,11,0,
42 52 N,,,,,,,,,,,,,,,,,,,,,,
62  00 W,,,,,,,,,,,,,,,,,,,,,,
,,,,,,,,,,,,,,,,,,,,,,
SS8,36,1500,50,,0.6,0,123,0,0.6,0,335,0,,0.8,0,-0.2,0,319,0,315,0,
42 37 N,,,,,,,,,,,,,,,,,,,,,,
62 05 W,,,,,,,,,,,,,,,,,,,,,,
,,,,,,,,,,,,,,,,,,,,,,
SS1A,35,290,260,,1.5,0,240,0,1.9,0,218,0,,2.4,0,-0.4,0,226,0,38,0,
42 52 N,35,490,60,,0.5,0,46,0,1.3,0,271,0,,1.4,0,-0.3,0,267,0,344,0,
62 14 W,,,,,,,,,,,,,,,,,,,,,,
,,,,,,,,,,,,,,,,,,,,,,
SS3,238,20,79,,3.6,1.2,96,36,4.9,2.1,339,24,,5.4,2,-2.7,1.4,323,43,329,24,
43 22 N,149,50,49,,2.4,0.7,49,14,3.6,1.1,304,8,,3.8,1.1,-1.2,0.8,298,18,348,17,
62 40 W,47,81,18,,1.5,0,75,0,3.3,0,317,0,,3.4,0,-1.3,0,312,0,346,0,
,15,91,8,,0.6,0,318,0,0.5,0,217,0,,0.6,0,-0.5,0,156,0,293,0,
,136,95,4,,1.9,0.7,41,19,3,0.4,289,13,,3.1,0.4,-1.7,0.6,278,18,340,10,
,,,,,,,,,,,,,,,,,,,,,,
SS7,27,50,75,,1.7,0,90,0,2.5,0,324,0,,2.8,0,-1.2,0,310,0,332,0,
43 02 N,27,118,7,,0.8,0,126,0,1.5,0,341,0,,1.6,0,-0.4,0,334,0,335,0,
62 54 W,,,,,,,,,,,,,,,,,,,,,,
,,,,,,,,,,,,,,,,,,,,,,
SS2,189,20,258,,1,1.3,90,46,0.8,0.5,360,34,,1.3,1.4,-5,0.3,350,63,4,50,
43 45 N,283,50,228,,0.7,0.2,278,101,1.2,0.9,317,37,,1.4,0.7,-0.2,0.4,319,47,3,45,
62 59 W,166,95,183,,0.6,0.1,23,58,1.2,0.6,292,39,,1.3,0.6,-0.5,0.1,302,21,11,29,
,259,250,28,,0.6,0.4,91,69,1.2,0.6,323,25,,1.3,0.6,-0.4,0.5,319,29,340,9,
,,,,,,,,,,,,,,,,,,,,,,
SS6,26,50,85,,1.9,0,71,0,4.1,0,336,0,,4.1,0,-1.9,0,335,0,357,0,
43 15 N,27,130,5,,2.2,0,153,0,3.7,0,15,0,,4.1,0,-1.3,0,6,0,333,0,
63 22 W,,,,,,,,,,,,,,,,,,,,,,
,,,,,,,,,,,,,,,,,,,,,,
SS1,211,14,87,,0.8,0.6,108,54,1.3,0.5,354,55,,1. 5,0.4,-0.5,0.4,335,45,330,27,
44 26 N,187,95,6,,0.5,0.2,279,75,0.5,0.1,76,61,,0.6,0.2,0,0.3,86,66,314,18,
63 29 W,,,,,,,,,,,,,,,,,,,,,,
,,,,,,,,,,,,,,,,,,,,,,
S5,262,50,1470,,1.3,0.8,346,7,1.4,0.4,236,25,,1 .6,0.8,0,9,211,43,332,28,
42 30 N,262,150,1370,,0.1,0.1,223,23,0.4,0.1,208,27,,0.4,0.2,0,0,210,27,20,3,
63 30 W,370,1514,10,,0.4,0,116,0,0.7,0,318,0,,0.8,0,-0.1,0,313,0,331,0,
,,,,,,,,,,,,,,,,,,,,,,
SS5,14,150,1575,,0.5,0,312,0,1.8,0,320,0,,1.9,0,0.1,0,319,0,15,0,
42 35 N,9,1000,725,,1.2,0,179,0,0.9,0,68,0,,1.3,0,-0.8,0,15,0,295,0,
63 30 W,,,,,,,,,,,,,,,,,,,,,,
,,,,,,,,,,,,,,,,,,,,,,
SS4,585,50,970,,1.8,0.1,91,82,1.9,0.4,5,47,,2.2,0.2,-1.4,0.2,13,11,11,53,
42 40 N,204,100,920,,0.7,0,184,0,1,0,63,0,,1.1,0,-0.5,0,48,0,333,0,
63 30 W,663,150,870,,1.3,0.1,168,73,1.3,0.1,70,82,,1.4,0.1,-1.2,0.1,348,98,319,33,
,36,200,820,,1.6,0,155,0,1.5,0,32,0,,1.9,0,-1,0,1,0,312,0,
,363,500,520,,0.4,0.4,305,122,0.9,0.8,53,111,,1,0. 7,-0.3,0.4,27,91,348,42,
,219,690,330,,0.6,0.4,263,84,0.8,0.2,205,76,,1. 0,0,-0.4,0.1,225,52,34,36,
,296,990,30,,1.5,1,353,98,1.3,0.5,244,108,,1.7,0.9,-1,0.6,195,62,21,67,
,,,,,,,,,,,,,,,,,,,,,,
S3,371,230,480,,1.6,0,83,0,1.9,0,340,0,,2,0,-1. 5,0,319,0,333,0,
42 45 N,97,500,210,,0.5,0,252,0,0.8,0,226,0,,0.9,0,-0.2,0,233,0,31,0,
63 30 W,262,690,20,,0.5,0,265,0,0.3,0,269,0,,0.5,0,0,0,266,0,57,0,
,,,,,,,,,,,,,,,,,,,,,,
S1,266,20,220,,2.7,0.3,41,54,3.6,0.9,341'1,57,,3.9,1.2,-1.7,1.7,345,61,5,24,
42 49 N,752,56,190,,1.7,0.8,77,8,2.3,1. 1,341,8,,2.3,1.1,-17,0.8,338,14,355,10,
63 30 w,180,100,140,,0.6,0,207,0,0.7,0,20,0,,0.9,0,0.1,,23,0,323,0,
,632,150,90,,0.3,0.3,126,2,1.1,0.4,347,43,,1.2,0.3,-0.5,0.6,338,34,330,10,
,572,230,10,,1,0.6,82,9,1.9,0.4,335,27,,1.9,0.3,-1,0.7,331,27,351,4,
,,,,,,,,,,,,,,,,,,,,,,
S6,250,20,150,,1.4,0,46,0,2.1,0,316,0,,2.1,0,-1.4,0,317,0,1,0,
43 00 N,492,50,120,,2,0.3,64,15,2.8,0.5,336,9,,2.8,0.5,-2,0.3,339,2,4,3,
63 30 W,182,100,70,,1.3,0,115,0,2.2,0,5,0,,2.3,0,-1.2,0,357,0,344,0,
,380,151,17,,0.5,1,70,23,1. 5,0.2,336,27,,1.6,0.2,-0.5,0.1,336,27,359,2,
,,,,,,,,,,,,,,,,,,,,,,
SS13,43,14,84,,0.7,0,147,0,0.9,0,285,0,,1.1,0,0.4,0,300,0,324,0,
44 17 N,52,89,9,,0.6,0,151,0,0.6,0,355,0,,0.8,0,-0.2,0,343,0,315,0,
63 46 W,43,95,3,,0.4,0,78,0,0.5,0,199,0,,0.6,0,0.3,0,219,0,327,0,
,,,,,,,,,,,,,,,,,,,,,,
SS12,69,14,46,,2,0.4,105,4,1.6,1.5,322,30,,2.5,1,-0.9,1,303,27,306,24,
44 25 N,70,20,40,,1.1,0,148,0,0.4,0,311,0,,1.2,0,0.1,0,326,0,289,0,
63 57 W,43,54,6,,0.3,0,233,0,0.6,0,181,0,,0.6,0,-0.2,0,188,0,20,0,
,,,,,,,,,,,,,,,,,,,,,,
S2,84,30,210,,2.3,0,45,0,2.8,0,296,0,,3,0,-2,0,276,0,331,0,
42 46 N,334,50,190,,1.9,0.6,135,52,3.2,0.6,21,67,,3.3,0.6,-1.7,0.7,10,57,340,7,
64 00 W,247,220,20,,0.7,0.8,93,115,2.5,0.9,317,66,,2.6,0.9,-0.6,0.9,316,67,356,2,
,,,,,,,,,,,,,,,,,,,,,,
S7,338,230,480,,1.9,0,156,0,1.4,0,351,0,,23,0,-0.3,0,341,0,386,0,
42 42 N,311,690,20,,0.3,0.2,287,76,1.1,0.3,202,38,,1.1,0.3,-0.3,0.2,201,34,358,11,
64 02 W,,,,,,,,,,,,,,,,,,,,,,
,,,,,,,,,,,,,,,,,,,,,,
C5,170,15,45,,0.5,0.4,273,41,2.6,1.4,210,32,,2.6,0,-0.4,0,211,0,5,0,
43 34 N,174,30,30,,1.8,0,113,0,1.9,0,167,0,,2.3,0,1.2,0,142,0,43,0,
65 06 W,173,50,10,,1,0,127,0,1.1,0,289,0,,1.4,0,0.2,0,117,0,137,0,
,,,,,,,,,,,,,,,,,,,,,,
C1,162,15,45,,12.3,0.3,254,2,3.9,0.7,132,10,,12.5,0,-3.2,0,77,0,280,0,
43 11 N,162,30,30,,9.5,0.3,230,2,2.5,0.4,60,10,,9.8,0,-0.4,0,51,0,285,0,
65 43 N,174,50,10,,5.8,1.5,245,14,1. 7,0.3,28,11,,6,0,1,0,63,0,284,0,
,,,,,,,,,,,,,,,,,,,,,,
C3,161,15,95,,6.8,0.2,265,2,3.5,0.4,79,7,,7.7,0,0.3,0,84,0,297,0,
42 50 N,103,50,60,,8.2,0.2,245,2,4.2,0.2,91,3,,9.1,0,-1.6,0,70,0,295,0,
65 50 W,161,100,10,,5.6,0.3,253,3,3,0.3,111,5,,6.1,0,-1.7,0,80,0,295,0,
,,,,,,,,,,,,,,,,,,,,,,
Northeast Channel,,,,,,,,,,,,,,,,,,,,,,
,,,,,,,,,,,,,,,,,,,,,,
NEC1,174,103,120,,7.4,0.8,205,8,6.2,0.7,58,7,,9.2,0.9,-2.7,1,38,3,309,5,
42 22 N,174,153,70,,7.3,1.4,199,5,7.3,1,56,9,,9.7,1.3,-3.4,1.3,37,5,315,4,
65 56 W,174,207,16,,3.9,1.2,191,18,5.7,1.2,31,17,,6.8,0.8,-1.2,1.8,24,3,325,13,
,,,,,,,,,,,,,,,,,,,,,,
NEC2*,58,106,134,,5.5,0.1,201,5,6.7,1,46,6,,8.5,0.8,-1.9,0,36,4,321,4,
42 18 N,174,156,84,,7,1.1,197,10,6.5,1.6,54,6,,9,1.2,-3.1,1.7,35,2,312,6,
65 58 W,58,217,17,,5.5,2.8,163,62,7.4,3.5,23,43,,8.6,3.7,-3.4,2.8,10,49,327,2,
,,,,,,,,,,,,,,,,,,,,,,
NEC3*,87,112,116,,8.2,1.6,210,6,7.1,1,59,15,,10.6,0.5,-2.6,1,41,7,310,11,
42 11 N,87,162,66,,7.5,2.4,199,9,8.8,2.6,60,5,,10.8,2.9,-4.1,2.2,43,4,322,0,
62 02 W,174,220,16,,3.5,0.5,196,34,6.1,1.3,26,6,,6.8,1.3,-0.6,1.7,25,8,332,5,
,,,,,,,,,,,,,,,,,,,,,,
Gulf of Maine,,,,,,,,,,,,,,,,,,,,,,
,,,,,,,,,,,,,,,,,,,,,,
CASHES LEDGE,58,33,157,,2.9,0,32,0,2.2,0,102,0,,3.1,0,2,0,229,0,245,0,
43 11 N,58,68,122,,0.6,0.1,71,7,0.4,0.1,214,10,,0.7,0,0.2,0,241,0,301,0,
69 05 W,58,180,10,,0.8,0.1,291,7,2,0.2,103,5,,2.2,0,0.1,0,104,0,338,0,
,,,,,,,,,,,,,,,,,,,,,,
MONHEGAN,57,33,65,,0.4,0,253,0,0.9,0,126,0,,0.9,0,-0.3,0,120,0,343,0,
43 40 N,58,68,30,,0.60.2,0,86,22,1.3,0.5,180,24,,1.3,0,0.6,0,181,0,358,0,
69 23 W,,,,,,,,,,,,,,,,,,,,,,
,,,,,,,,,,,,,,,,,,,,,,
C. PORPOISE,74,33,65,,0.2,0,91,11,0.8,0.1,120,7,,0.8,0,0.1,0,119,0,13,0,
43 13 N,74,68,30,,0.3,0.1,317,18,1,0.2,73,9,,0,0.9,0.3,0,75,0,352,0,
70 17 W,,,,,,,,,,,,,,,,,,,,,,
,,,,,,,,,,,,,,,,,,,,,,
BOSTON L.S.,369,2,31,,0.8,0,216,0,0.1,0,258,0,,0.8,0,0.1,0,216,0,84,0,
42 20 N,,,,,,,,,,,,,,,,,,,,,,
70 45 W,,,,,,,,,,,,,,,,,,,,,,
,,,,,,,,,,,,,,,,,,,,,,
Bay of Fundy,,,,,,,,,,,,,,,,,,,,,,
,,,,,,,,,,,,,,,,,,,,,,
BED65,29c,25,37a,,12.7,0,67,0,9.9,0,69,0,,16.1,0,0.2,0,68,0,52,0,
45 08 N,,,,,,,,,,,,,,,,,,,,,,
65 08 W,,,,,,,,,,,,,,,,,,,,,,
,,,,,,,,,,,,,,,,,,,,,,
BED66,29c,25,13a,,9.6,0,63,0,5.5,0,68,0,,11.1,0,0.4,0,64,0,60,0,
45 25 N,,,,,,,,,,,,,,,,,,,,,,
65 07 W,,,,,,,,,,,,,,,,,,,,,,
,,,,,,,,,,,,,,,,,,,,,,
BED64,29c ,10,40a,,15.6,0,63,0,9.5,0,73,0,,18.2,0,1.4,0,66,0,59,0,
45 13 N,29c,25,25a,,13.1,0,72,0,7.9,0,72,0,,15.3,0,0,0,72,0,59,0,
65 14 W,,,,,,,,,,,,,,,,,,,,,,
,,,,,,,,,,,,,,,,,,,,,,
BED63,29c,25,25a,,12.1,0,67,0,6.7,0,67,0,,13.8,0,0,0,67,0,61,0,
45 19 N,,,,,,,,,,,,,,,,,,,,,,
65 20 W,,,,,,,,,,,,,,,,,,,,,,
,,,,,,,,,,,,,,,,,,,,,,
BED62,29c,13,77b,,15.5,0,60,0,6.5,0,79,0,,16.7,0,1.9,0,63,0,68,0,
44 39 N,,,,,,,,,,,,,,,,,,,,,,
66 02 W,,,,,,,,,,,,,,,,,,,,,,
,,,,,,,,,,,,,,,,,,,,,,
BED61,29c,13,94b,,11.9,0,64,0,4,0,81,0,,12.5,0,1.1,0,66,0,72,0,
43 49 N,29c,50,57b,,12. 3,0,61,0,5. 3,0,70,0,,13.4,0,0.8,0,62,0,67,0,
66 12 W,,,,,,,,,,,,,,,,,,,,,,
,,,,,,,,,,,,,,,,,,,,,,
BED60,29c,13,71b,,9.5,0,71,0,5.5,0,81,0,,10.9,0,0.8,0,73,0,60,0,
45 00 N,,,,,,,,,,,,,,,,,,,,,,
66 24 W,,,,,,,,,,,,,,,,,,,,,,
,,,,,,,,,,,,,,,,,,,,,,
Georges Bank,,,,,,,,,,,,,,,,,,,,,,
,,,,,,,,,,,,,,,,,,,,,,
L,145,51,15,,8,0.3,174,3,9.5,0.6,66,3,,10. 2,0. 5,-7,0.3,44,5,330,4,
41 42 N,,,,,,,,,,,,,,,,,,,,,,
66 36 W,,,,,,,,,,,,,,,,,,,,,,
,,,,,,,,,,,,,,,,,,,,,,
P4,29,79,140,,5.9,0,204,0,5.1,0,75,0,,7.4,0,-2.7,0,41,0,309,0,
42 12 N,29,129,90,,5.3,0,200,0,5,0,43,0,,7.1,0,-1.4,0,31,0,313,0,
66 41 W,,,,,,,,,,,,,,,,,,,,,,
,,,,,,,,,,,,,,,,,,,,,,
P5,29,19,52,,9.5,0,197,0,12.8,0,85,0,,13.6,0,-5.3,0,69,0,335,0,
45 02 N,29,44,27,,6.7,0,158,0,9.3,0,49,0,,9.7,0,6,0,34,0,338,0,
66 41 W,,,,,,,,,,,,,,,,,,,,,,
,,,,,,,,,,,,,,,,,,,,,,
P6,58,11,59,,7.6,1,156,2,12,0.3,41,1,,12.6,0.5,-6.6,0.7,30,2,339,4,
41 53 N,58,26,44,,7.5,0.2,171,4,10.2,0.5,59,2,,10.8,0.3,-6.5,0,43,1,335,4,
66 41 W,58,36,34,,7.2,0.5,20S,2,8.7,0. 5,95,1,,9.6,0.5,-6.1,0.5,73,1,328,0,
,,,,,,,,,,,,,,,,,,,,,,
M4,58,10,67,,3.3,0,151,0,4.1,0,77,0,,4.3,2.7,-3,2,95,37,25,0,
40 56 N,58,30,41,,5.1,0,178,0,0,0,7,0,,6.1,1.3,-4.9,1.7,62,15,338,0,
66 58 W,58,69,8,,1.1,0,172,0,1.8,0,51,0,,1.9,2.4,-0.9,1.7,40,79,337,0,
,,,,,,,,,,,,,,,,,,,,,,
P1,15,30,173,,7.9,0,231,0,3,0,127,0,,7.9,0,-2.9,0,54,0,270,0,
42 12 N,15,40,103,,5.6,0,213,0,2.4,0,115,0,,5.6,0,-2.4,0,35,0,274,0,
67 15 W,15,75,128,,5.1,0,191,0,4.9,0,1,0,,7,0,0.6,0,6,0,314,0,
,,,,,,,,,,,,,,,,,,,,,,
P2,30,14,30,,9,0.9,188,3,14.6,1.7,11,2,,16.6,1.1,-4.2,0.3,33,5,330,6,
42 03 N,15,30,20,,5.4,0,168,0,10.2,0,28,0,,11.1,0,-3.2,0,20,0,330,0,
67 15 W,,,,,,,,,,,,,,,,,,,,,,
,,,,,,,,,,,,,,,,,,,,,,
P3,15,15,30,,6.8,0,130,0,13.5,0,20,0,,14,0,-5.7,0,20,0,347,0,
41 53 N,15,30,15,,6.9,0,158,0,11.9,0,31,0,,12.8,0,-5.1,0,21,0,337,0,
67 15 W,15,40,5,,13.5,0,28,0,27.2,0,305,0,,27.2,0,-13.4,0,307,0,5,0,
,,,,,,,,,,,,,,,,,,,,,,
M3*,58,36,8,,6.5,0,164,0,8.8,0,59,0,,9.1,1,-6.1,0.9,46,6,341,0,
41 20 N,,,,,,,,,,,,,,,,,,,,,,
67 16 W,,,,,,,,,,,,,,,,,,,,,,
,,,,,,,,,,,,,,,,,,,,,,
M9*,58,71,8,,3.3,0,189,0,4.9,0,73,0,,5.2,1.5,-2.8,1,59,17,335,0,
40 54 N,,,,,,,,,,,,,,,,,,,,,,
67 24 W,,,,,,,,,,,,,,,,,,,,,,
,,,,,,,,,,,,,,,,,,,,,,
A,261,15,70,,3.4,0.9,163,34,4.2,0.9,50,19,,4.7,0.8,-2.6,0.9,33,23,331,22,
40 51 N,957,45,40,,4.3,0.5,166,10,5.3,0.6,56,8,,5.7,0.5,-3.7,0.6,35,10,330,11,
67 24 W,957,75,10,,3.2,0.7,152,15,4.4,0.6,37,13,,4.7,0.6,-2.7,0.7,22,11,33S,9,
,290,84,1,,2.4,0.3,135,19,3.6,0.2,27,8,,3.8,0.2,-2.2,0.3,15,6,344,13,
,,,,,,,,,,,,,,,,,,,,,,
C,116,15,23,,7.1,0.2,160,5,9.4,0.3,55,5,,9.7,0.3,-6.7,0.2,40,5,339,1,
41 24 N,,,,,,,,,,,,,,,,,,,,,,
67 34 W,,,,,,,,,,,,,,,,,,,,,,
,,,,,,,,,,,,,,,,,,,,,,
K**,58,10,54,,4.3,1,18S,11,6.8,0.9,66,10,,7.2,0.6,-3.6,1.6,56,9,339,7,
41 04 N,174,15,45,,5.5,0.5,173,6,7.2,1.1,62,8,,7.3,1,-4.7,0.7,44,11,333,10,
67 34 W,58,34,30,,4.3,1,185,11,6.8,0.9,66,10,,7.2,0.6,-3.6,1.6,56,9,339,7,
,174,54,10,,4.7,0.6,158,5,6.4,0.9,50,7,,6.7,0.8,-4.2,0.8,36,10,338,7,
,87,58,4,,4.4,0.1,161,7,5.9,0.3,50,1,,6.3,0.1,-3.9,0.3,34,3,336,6,
,232,60,1,,3.3,0.3,14S,7,4.7,0.4,42,3,,4.8,0.4,-3.1,0.3,30,5,341,7,
,,,,,,,,,,,,,,,,,,,,,,
D,87,15,69,,6.2,1.3,187,8,5.8,0.9,65,17,,7.4,1,-4.2,1.3,32,8,311,6,
41 59 N,,,,,,,,,,,,,,,,,,,,,,
67 47 W,,,,,,,,,,,,,,,,,,,,,,
,,,,,,,,,,,,,,,,,,,,,,
Great South Channel,,,,,,,,,,,,,,,,,,,,,,
,,,,,,,,,,,,,,,,,,,,,,
M,145,10-H,56,,4.1,0.3,140,12,11.8,0.8,62,6,,11. 9,0. 8,-3.9,0.3,64,6,5,5,
40 51 N,171,10-R,56,,2.3,0.1,199,3,8.2,0.2,118,2,,8.2,0,-2.3,0,119,0,3,0,
68 49 W,116,51-H,15,,3.1,0.2,168,5,10,0.9,64,4,,10,0.9,-3,0.2,62,4,355,1,
,124,51-R,15,,2.6,0.1,239,2,6.2,0.1,108,1,,,6.6,-1.9,0,103,0,343,0,
,,,,,,,,,,,,,,,,,,,,,,
S,87,58,20,,2.6,0.7,155,20,9.5,0.7,64,4,,9.5,0.7,-2.6,0.6,65,3,360,5,
40 49 N,,,,,,,,,,,,,,,,,,,,,,
69 00 W,,,,,,,,,,,,,,,,,,,,,,
,,,,,,,,,,,,,,,,,,,,,,
GSC2,109,10,73,,4.1,0.3,173,5,9.7,0.2,98,2,,9.8,0,-3.9,0,101,0,8,0,8
40 51 N,152,42,41,,2.2,0.2,210,3,8.9,0.2,113,2,,8.9,0,-2.2,0,113,0,358,0,358
69 0 1W,152,76,7,,2.7,0.4,258,9,4.8,0.7,162,8,,4.8,0,-2.7,0,159,0,355,0,355
,,,,,,,,,,,,,,,,,,,,,,
N,145,68,15,,3.6,0.4,123,9,10,0.7,66,3,,10.2,0.6,-3,0.5,70,4,12,2,
40 51 N,,,,,,,,,,,,,,,,,,,,,,
69 0 1W,,,,,,,,,,,,,,,,,,,,,,
,,,,,,,,,,,,,,,,,,,,,,
R,116,79,1,,3.3,0.4,109,23,4.5,0.7,56,7,,5,0.5,-2.3,0.9,70,6,29,8,
40 30 N,,,,,,,,,,,,,,,,,,,,,,
69 07 W,,,,,,,,,,,,,,,,,,,,,,
,,,,,,,,,,,,,,,,,,,,,,
GSCI,149,27,37,,2.3,0.1,165,0,8,0.1,117,1,,8.2,0,-1.7,0,119,0,11,0,
40 52 N,149,49,15,,2.7,0.1,138,2,7,0.1,113,1,,7.4,0,-1.1,0,116,0,20,0,
69 11 W,,,,,,,,,,,,,,,,,,,,,,
,,,,,,,,,,,,,,,,,,,,,,
Lydonia Canyon,,,,,,,,,,,,,,,,,,,,,,
,,,,,,,,,,,,,,,,,,,,,,
LCA,116,80,20,,3.3,0.9,143,10,5.4,0.4,0.35,7,,5.6,0.3,-3,0.7,24,6,342,11,
40 34 N,58,99,1,,2,1.1,173,4,1.9,0.9,85,71,,2.6,1.3,-0.9,0.5,83,100,359,68,
67 45 W,,,,,,,,,,,,,,,,,,,,,,
,,,,,,,,,,,,,,,,,,,,,,
LCB,145,92,190,,2.9,1,139,25,3.9,0.3,38,18,,4.3,0.6,-2.4,0.8,34,32,353,30,
40 32 N,145,227,55,,1.1,0.4,175,88,2.1,0.9,336,93,,2.4,1,0.4,0.2,341,90,333,8,
67 43 W,116,277,5,,1. 5,0.1,67,85,2.4,1. 0,236,93,,2.9,0.9,-0.1,0.2,241,90,326,9,
,,,,,,,,,,,,,,,,,,,,,,
LCC,116,134,50,,1.6,0. 9,129,51,2.3,0.9,23,34,,2.5,0.9,-1.4,0.8,21,20,355,33,
40 49 N,,,,,,,,,,,,,,,,,,,,,,
67 44 W,,,,,,,,,,,,,,,,,,,,,,
,,,,,,,,,,,,,,,,,,,,,,
LCD,116,143,50,,2.1,0.8,125,28,4,0.9,38,21,,4.1,0.9,-2,0.9,42,19,6,10,
40 29 N,,,,,,,,,,,,,,,,,,,,,,
67 41 W,,,,,,,,,,,,,,,,,,,,,,
,,,,,,,,,,,,,,,,,,,,,,
LCE,145,116,484,,3,0.7,142,18,3.9,0.5,51,20,,4,0.5,-2.8,0.7,50,34,358,24,
40 25 N,145,216,384,,0.7,0.5,57,63,2.1,0.9,40,31,,2.2,0.7,-0.2,0.4,47,29,17,25,
67 40 W,145,595,5,,1.4,0.5,36,82,3.6,0.8,11,98,,3.8,0.9,0,0.5,16,97,21,5,
,,,,,,,,,,,,,,,,,,,,,,
LCF,145,205,300,,1.8,1,117,39,2,0.6,41,23,,2.3,0.8,-1.4,0.9,51,37,13,50,
40 21 N,174,405,100,,1.5,0.9,38,79,1,0.7,47,64,,1.8,1.1,-0.1,0.2,38,40,49,60,
67 39 W,,,,,,,,,,,,,,,,,,,,,,
,,,,,,,,,,,,,,,,,,,,,,
LCG,174,195,300,,1. 9,0. 8,93,90,2,1.2,12,53,,2.5,1.1,-1.1,0.8,17,68,22,45,
40 21 N,174,395,100,,0.6,0.3,98,69,0.7,0.4,31,76,,0.9,0.5,-0.3,0.1,33,85,27,50,
67 42 W,,,,,,,,,,,,,,,,,,,,,,
,,,,,,,,,,,,,,,,,,,,,,
LCH*,145,290,1264,,1. 3,0. 3,292,100,1.3,0.6,83,82,,1. 5,0. 4,-0.9,0.7,99,92,316,19,
40 18 N,145,540,1014,,0.7,0.3,82,103,1.2,0.4,76,102,,1. 3,0.4,-0.4,0.3,86,97,15,26,
67 40 W,145,890,664,,0.6,0.3,186,63,0.9,0.6,64,55,,1.1,0.7,-0.1,0.2,58,43,348,46,
,29,1454,100,,0.6,0,68,0,2.1,0,48,0,,2.1,0,-0.2,0,49,0,15,0,
,87,1375,5,,0.2,0.2,128,30,1.2,0.8,57,91,,1.2,0.7,-0.2,0.1,1,99,21,38,
,,,,,,,,,,,,,,,,,,,,,,
LCI,145,10,240,,2.2,0.9,174,103,2.7,1. 4,41,25,,3.3,0.9,-1,1.5,30,44,356,49,
40 23 N,145,55,195,,1.8,0.9,163,50,1.9,0.8,55,34,,2.2,0.8,-1.4,0.9,40,48,328,33,
67 33 W,145,195,55,,2.4,1.4,100,32,1.6,0.9,23,73,,2.4,1.4,-1.3,1.2,74,73,65,69,
,145,245,5,,1,0.7,200,100,1. 6,1.1,113,83,,1. 7,1,-0.8,0.7,178,99,350,57,
,,,,,,,,,,,,,,,,,,,,,,
LCJ,116,83,488,,1.7,0.5,152,61,2.1,0.9,38,34,,2.4,0.5,-1,1,30,64,328,34,
40 21 N,145,223,348,,1.1,0.6,62,79,1.1,0.3,316,63,,1.2,0.4,-0.6,0.8,328,46,20,60,
67 32 W,145,471,100,,0.7,0.3,239,105,0.6,0.3,286,70,,0.8,0.2,-0.2,0.5,289,59,340,66,
,,,,,,,,,,,,,,,,,,,,,,
LCK,145,204,350,,1,0.4,345,90,1.1,0.5,116,91,,1.5,0.3,-0.5,0.4,89,84,330,45,
40 16 N,145,454,100,,1.1,0.7,118,71,1.3,0.4,342,31,,1.6,0.6,-0.6,0.7,325,22,331,24,
67 47 W,,,,,,,,,,,,,,,,,,,,,,
,,,,,,,,,,,,,,,,,,,,,,
LCL,116,65,60,,3.8,0.7,162,24,4.6,1.2,55,12,,5.1,0.9,-3.1,0.7,56,48,352,58,
40 32 N,116,105,20,,3.9,0.9,131,13,4.1,1.1,29,12,,4.8,1,-3,0.6,19,51,343,52,
67 36 W,,,,,,,,,,,,,,,,,,,,,,
,,,,,,,,,,,,,,,,,,,,,,
LCM**,145,103,20,,3,1.8,141,74,3.5,1.2,35,27,,3.7,1.5,-2.5,1.9,31,44,361,31,
40 30 N,174,119,1,,1.5,1.1,103,74,2.1,0.4,29,37,,2.3,0.8,-1.1,1,20,46,356,30,
67 49 W,,,,,,,,,,,,,,,,,,,,,,
,,,,,,,,,,,,,,,,,,,,,,
LCN,145,243,798,,1.8,0.8,90,84,1.9,0.5,354,66,,2.3,0.7,-1.1,0.8,28,81,33,28,
40 21 N,145,841,200,,0.8,0.4,64,58,1.1,0.7,19,58,,1.4,0.8,-1.6,0.3,21,59,25,27,
67 40 W,,,,,,,,,,,,,,,,,,,,,,
,,,,,,,,,,,,,,,,,,,,,,
Nantucket Shoals,,,,,,,,,,,,,,,,,,,,,,
,,,,,,,,,,,,,,,,,,,,,,
NANTUCKET LS,738,2,53,,5.2,1.2,129,6,5.6,0.8,61,10,,6.4,1,-4.2,1.1,90,4,40,4,
40 37 N,,,,,,,,,,,,,,,,,,,,,,
69 37 W,,,,,,,,,,,,,,,,,,,,,,
,,,,,,,,,,,,,,,,,,,,,,
NSA,60,5,28,,2.7,0.5,169,10,16.3,2.1,102,7,,16.3,0,-2.5,0,103,0,4,0,
41 31 N,63,25,8,,0.3,0,172,8,9.4,0.4,44,2,,9.4,0,-0.2,0,44,0,359,0,
69 36 W,,,,,,,,,,,,,,,,,,,,,,
,,,,,,,,,,,,,,,,,,,,,,
NSB,42,10,12,,1.8,0.5,130,3,4.7,0.2,66,2,,4.8,0,-1.6,0,70,0,11,0,
41 26 N,,,,,,,,,,,,,,,,,,,,,,
69 44 W,,,,,,,,,,,,,,,,,,,,,,
,,,,,,,,,,,,,,,,,,,,,,
NSD,42,16,17,,4.1,0.6,144,9,2.6,0.2,82,4,,4.3,0,-2.2,0,132,0,68,0,
41 37 N,,,,,,,,,,,,,,,,,,,,,,
69 44 W,,,,,,,,,,,,,,,,,,,,,,
,,,,,,,,,,,,,,,,,,,,,,
POLLOCK RIP,369,2,12,,2.6,0,340,0,7.3,0,321,0,,7.7,0,-0.8,0,323,0,19,0,
41 37 N,,,,,,,,,,,,,,,,,,,,,,
69 54 W,,,,,,,,,,,,,,,,,,,,,,
,,,,,,,,,,,,,,,,,,,,,,
GREAT ROUND,87,2,20,,11.9,0,39,0,5.6,0,359,0,,12.7,0,-3.3,0,33,0,69,0,
41 24 N,,,,,,,,,,,,,,,,,,,,,,
69 55 W,,,,,,,,,,,,,,,,,,,,,,
,,,,,,,,,,,,,,,,,,,,,,
NSC,42,8,8,,1.9,0.1,117,3,1. 0,0.1,280,6,,2.1,0,0.3,0,293,0,297,0,
41 37 N,,,,,,,,,,,,,,,,,,,,,,
69 59 W,,,,,,,,,,,,,,,,,,,,,,
,,,,,,,,,,,,,,,,,,,,,,
I,29,18,23,,6.3,0,93,0,3.8,0,3,0,,6.1,0,-3.3,0,273,0,271,0,
40 43 N,,,,,,,,,,,,,,,,,,,,,,
70 01 W,,,,,,,,,,,,,,,,,,,,,,
,,,,,,,,,,,,,,,,,,,,,,
NSE,41,10,12,,5.8,1. 7,216,16,5.6,1. 3,164,13,,7.2,0,-3.5,0,191,0,47,0,
40 59 N,,,,,,,,,,,,,,,,,,,,,,
70 04 W,,,,,,,,,,,,,,,,,,,,,,
,,,,,,,,,,,,,,,,,,,,,,
Q,174,10,57,,2.9,1.1,97,16,2.3,0.9,11,20,,3,1.1,-2.2,0.9,88,21,79,20,
40 30 N,464,31,36,,2.7,0.5,102,10,2.1,0.4,13,16,,2.8,0.5,-2,0.4,92,19,77,18,
70 13 W,377,51,16,,2.9,0.5,95,7,2.2,0.7,9,13,,2.9,0.5,-2.1,0.6,95,26,89,27,
,145,57,10,,2.1,0.8,39,13,1.9,0.5,358,31,,2.4,0.5,-1.5,0.7,82,43,80,48,
,116,66,1,,1.8,0.2,64,18,2,0. 2,323,13,,1.8,0.2,-1.2,0.2,74,15,105,3,
,,,,,,,,,,,,,,,,,,,,,,
NSFE3,46,10,78,,2.2,0.3,155,10,1,0.2,61,13,,2.2,0,-1,0,336,0,272,0,
40 20 N,209,30,58,,1,0.1,135,3,0.3,0,23,3,,1,0,-0.3,0,317,0,277,0,
70 16 W,209,70,18,,0.5,0,197,3,0.7,0.1,180,5,,0.9,0,-0.1,0,366,0,215,0,
,,,,,,,,,,,,,,,,,,,,,,
NSFE4,170,10,95,,2.4,0.4,220,9,2.9,0.4,127,9,,2.9,0,-2.4,0,119,0,351,0,
40 13 N,224,30,75,,0.2,0,289,5,0.3,0.1,245,6,,0.8,0,-0.1,0,247,0,11,0,
70 18 W,170,60,45,,0.6,0.1,134,5,0.6,0.1,262,5,,0.8,0,0.4,0,290,0,313,0,
,224,90,15,,0.6,0.1,196,6,0.9,0.1,164,7,,1,0,-0.3,0,173,0,32,0,
,,,,,,,,,,,,,,,,,,,,,,
NSFE5*,171,10,188,,1.1,0.5,141,26,1,0.5,331,26,,1.5,0,-0.1,0,326,0,312,0,
40 02 N,171,30,168,,0.7,0,132,0,0.8,0,318,0,,1.1,0,-0.1,0,315,0,318,0,
70 22 W,171,90,108,,0.5,0.2,138,19,0.7,0.3,100,24,,0.9,0,-0.3,0,113,0,35,0,
,171,120,78,,0.6,0.1,203,12,1.1,0.3,130,15,,1.1,0,-0.6,0,138,0,15,0,
,171,185,13,,0.6,0.2,289,17,1.4,0.4,225,17,,1.4,0,-0.5,0,229,0,12,0,
,,,,,,,,,,,,,,,,,,,,,,
NSFE6,225,10,800,,1.1,0.6,118,33,0.8,0.4,351,26,,1.2,0,-0.6,0,313,0,301,0,
39 51 N,,,,,,,,,,,,,,,,,,,,,,
70 25 W,,,,,,,,,,,,,,,,,,,,,,
,,,,,,,,,,,,,,,,,,,,,,
New England Shelf,,,,,,,,,,,,,,,,,,,,,,
,,,,,,,,,,,,,,,,,,,,,,
P,87,61,10,,1. 7,0. 5,85,14,1.3,0.5,338,13,,1. 9,0. 5,-1.2,0.6,260,43,271,38,
40 29 N,58,70,1,,0.8,0.8,354,70,1.1,0.3,272,58,,1.1,0.3,-0.8,0.8,230,5,319,66,
70 30 W,,,,,,,,,,,,,,,,,,,,,,
,,,,,,,,,,,,,,,,,,,,,,
NES743,35,20,85,,1,0.1,72,8,1. 4,0. 2,344,10,,1.4,0,-1,0,346,0,3,0,
40 18 N,35,60,45,,0.1,0,64,7,0.4,0.1,342,9,,0.4,0,-0.1,0,343,0,2,0,
70 52 W,,,,,,,,,,,,,,,,,,,,,,
,,,,,,,,,,,,,,,,,,,,,,
NES764,180,305,1995,,0.6,0.2,186,20,0.5,0.5,93,54,,0.6,0,-0.5,0,13,0,278,0,
39 37 N,180,2005,295,,0.3,0.1,343,19,0.5,0.4,248,49,,0.5,0,-0.3,0,245,0,355,0,
70 56 W,,,,,,,,,,,,,,,,,,,,,,
,,,,,,,,,,,,,,,,,,,,,,
NE5742,35,20,54,,0.9,0,96,4,0.4,0,275,5,,1,0,0,0,276,0,294,0,
40 35 N,35,60,14,,1.2,0.1,91,6,0.5,0,333,6,,1.2,0,-0.4,0,276,0,283,0,
70 59 W,,,,,,,,,,,,,,,,,,,,,,
,,,,,,,,,,,,,,,,,,,,,,
HENS&CHICK,369,2,16,,4.9,0,329,0,2.3,0,281,0,,5.1,0,-1.6,0,323,0,71,0,
41 27 N,,,,,,,,,,,,,,,,,,,,,,
71 0 1W,,,,,,,,,,,,,,,,,,,,,,
,,,,,,,,,,,,,,,,,,,,,,
NES763,181,145,351,,0.1,0.1,301,42,0.8,0.7,266,50,,0.8,0,-0.1,0,266,0,6,0,
39 56 N,,,,,,,,,,,,,,,,,,,,,,
71 03 W,,,,,,,,,,,,,,,,,,,,,,
,,,,,,,,,,,,,,,,,,,,,,
NES762,119,38,45,,1.1,0.1,74,4,1. 6,0. 1,304,5,,1.8,0,-0.8,0,291,0,330,0,
40 28 N,93,78,10,,0.8,0.1,69,8,1,0.2,282,10,,1.2,0,-0.4,0,270,0,323,0,
71 12 W,,,,,,,,,,,,,,,,,,,,,,
,,,,,,,,,,,,,,,,,,,,,,
NES741,35,28,30,,1.2,0.1,123,3,0.8,0,53,4,,1.2,0,-0.7,0,111,0,70,0,
40 56 N,,,,,,,,,,,,,,,,,,,,,,
71 13 W,,,,,,,,,,,,,,,,,,,,,,
,,,,,,,,,,,,,,,,,,,,,,
BRENTON REEF,369,2,24,,0.4,0,75,0,5.4,0,308,0,,5.4,0,-0.4,0,308,0,357,0,
41 26 N,,,,,,,,,,,,,,,,,,,,,,
71 23 W,,,,,,,,,,,,,,,,,,,,,,
,,,,,,,,,,,,,,,,,,,,,,
Middle Atlantic Bight,,,,,,,,,,,,,,,,,,,,,,
,,,,,,,,,,,,,,,,,,,,,,
NES763W,183,302,202,,0.6,0.2,302,19,0.8,0.3,216,24,,0.8,0,-0.6,0,221,0,7,0,
39 43 N,,,,,,,,,,,,,,,,,,,,,,
71 47 W,,,,,,,,,,,,,,,,,,,,,,
,,,,,,,,,,,,,,,,,,,,,,
NES762W,172,38,45,,1.4,0.1,61,4,1. 9,0. 2,304,5,,2.1,0,-1.1,0,288,0,332,0,
39 55 N,,,,,,,,,,,,,,,,,,,,,,
71 58 W,,,,,,,,,,,,,,,,,,,,,,
,,,,,,,,,,,,,,,,,,,,,,
LT5,87,21-U,46,,2.3,1.1,74,5,2,0.9,325,13,,2.5,1.3,-1.6,0.6,276,5,301,9,
40 12 N,70,21-R,46,,2.8,0.3,74,6,1.9,0.3,4,8,,2.9,0,-1.7,0,242,0,250,0,
72 00 W,116,41-H,26,,1.9,1.1,77,29,1.8,1.2,319,12,,2.2,1.2,-1.5,1.2,288,27,315,16,
,70,41-R,26,,1. 4,0.1,122,6,1,0.1,53,8,,1.5,0,-0.9,0,288,0,247,0,
,87,61-H,6,,1.7,0.4,52,8,1. 5,0. 2,283,17,,2.1,0.1,-0.9,0.2,252,2,309,18,
,70,61-R,6,,0.3,0,68,5,1.1,0.2,228,8,,1.1,0,0.1,0,229,0,346,0,
,87,66-H,1,,1,0.5,39,16,0.8,0.2,274,8,,1. 2,0.5,-0.6,0.2,243,5,311,12,
,70,66-R,1,,0.6,0.1,59,6,0.7,0.1,254,10,,0.9,0,-0.1,0,248,0,320,0,
,,,,,,,,,,,,,,,,,,,,,,
LT4,29,3,49,,2,0.9,33,59,1,0,271,75,,2.1,0.8,-0.8,0.2,222,50,292,13,
40 34 N,203,24,28,,3.5,1.2,60,34,2.2,1,315,34,,3.7,1.2,-1.8,1.1,247,34,283,21,
72 19 W,174,44,8,,2.5,0.5,72,24,1.5,0.5,320,19,,2.6,0.5,-1.3,0.4,260,23,287,8,
,87,51,1,,1.5,0.6,80,2,0.3,0.8,313,39,,1.5,0.6,-0.7,0.9,265,4,231,1,
,,,,,,,,,,,,,,,,,,,,,,
CMICE,25,4,25,,1.2,0.1,76,8,0.7,0.4,312,31,,1.3,0,-0.5,0,266,0,292,0,
40 47 N,25,8,21,,1.3,0.1,94,6,0.6,0.3,319,29,,1.4,0,-0.4,0,280,0,290,0,
72 49 W,25,16,13,,1.1,0.1,85,5,0.7,0.4,315,14,,1.2,0,-0.5,0,277,0,297,0,
,25,25,4,,0.4,0,100,0,0.3,0.2,44,27,,0.4,0,-0.2,0,263,0,239,0,
,,,,,,,,,,,,,,,,,,,,,,
ME,29,59,1,,1.1,0,56,0,1.5,0,286,0,,1.7,0,-0.7,0,271,0,328,0,
39 57 N,,,,,,,,,,,,,,,,,,,,,,
72 16 W,,,,,,,,,,,,,,,,,,,,,,
,,,,,,,,,,,,,,,,,,,,,,
NJ4,72,3,89,,2.2,0.6,71,14,3,0.8,315,16,,3.2,0,-1.8,0,299,0,333,0,
38 55 N,72,43,49,,1.3,0.2,166,7,2.9,0.5,22,11,,3.1,0,-0.7,0,17,0,339,0,
72 58 W,72,91,1,,0.8,0.3,30,24,0.3,0.2,259,33,,0.8,0,-0.2,0,214,0,285,0,
,,,,,,,,,,,,,,,,,,,,,,
MA,58,58,1,,5,0. 3,56,50,1.7,0.8,286,17,,2,0.5,-1,0.8,270,18,324,17,
39 27 N,,,,,,,,,,,,,,,,,,,,,,
73 00 W,,,,,,,,,,,,,,,,,,,,,,
,,,,,,,,,,,,,,,,,,,,,,
LT1,104,9,61,,1.8,0.1,123,5,1. 4,0.1,331,6,,2.2,0,-0.5,0,313,0,307,0,
39 16 N,104,19,51,,1.7,0.2,124,6,1.6,0.2,337,6,,2.2,0,-0.7,0,319,0,313,0,
73 02 W,70,58,12,,4.2,0.4,69,6,3.5,0.4,310,7,,4.8,0,-2.7,0,271,0,305,0,
,,,,,,,,,,,,,,,,,,,,,,
MESA7,107,18,50a,,2.7,0.3,135,6,2.2,0.3,310,8,,3.5,0,0.1,0,313,0,309,0,
39 55 N,103,38,30a,,1.6,0.2,111,5,2.1,0.3,348,8,,2.4,0,-1.2,0,331,0,328,0,
73 06 W,63,66,2a,,0.2,0,157,12,0.9,0.1,275,8,,0.9,0,0.2,0,276,0,354,0,
,,,,,,,,,,,,,,,,,,,,,,
FIRE IS.,369,2,27,,1.4,0,114,0,0.6,0,349,0,,1.4,0,-0.5,0,299,0,286,0,
40 29 N,,,,,,,,,,,,,,,,,,,,,,
73 11 W,,,,,,,,,,,,,,,,,,,,,,
,,,,,,,,,,,,,,,,,,,,,,
MF,116,15,219,,2.1,0.5,146,89,1.4,0.9,353,54,,2.4,0.3,-0.8,0.8,318,61,345,70,
38 31 N,116,232,2,,0.6,0.1,11,52,0.7,0.4,167,66,,0.9,0.3,0.1,0.4,180,42,322,31,
73 14 W,,,,,,,,,,,,,,,,,,,,,,
,,,,,,,,,,,,,,,,,,,,,,
MC,29,79,1,,1.1,0,51,0,1.1,0,263,0,,1.4,0,-0.4,0,247,0,315,0,
38 33 N,,,,,,,,,,,,,,,,,,,,,,
73 31 W,,,,,,,,,,,,,,,,,,,,,,
,,,,,,,,,,,,,,,,,,,,,,
MB,406,15,45,,2.8,0.6,99,23,2.7,0.6,341,23,,3.4,0.6,-1.9,0.5,309,20,313,13,
38 44 N,58,45,15,,2.9,1,87,9,2.7,0.6,333,20,,3.3,0.8,-2.2,0.9,295,3,310,12,
73 38 W,522,50,10,,2.2,0.6,82,14,2.3,0.8,320,15,,2.8,0.7,-1.5,0.6,292,10,317,12,
,58,54,6,,2.8,0.8,83,2,2.4,0.5,324,9,,3.2,0.7,-1.8,0.7,2135,5,306,9,
,87,59,1,,1.2,0.3,74,29,1. 5,0. 5,305,9,,1.8,0.5,-0.7,0.3,288,20,325,13,
,,,,,,,,,,,,,,,,,,,,,,
LT2,116-c,3,31,,2.7,0.6,91,12,3,0.9,330,10,,3.5,0.9,-2,0.6,303,13,319,6,
39 24 N,232,15,19,,3.3,0.7,89,15,2.9,0.6,336,26,,3.9,0.5,-2.2,0.4,293,23,306,25,
73 43 W,,,,,,,,,,,,,,,,,,,,,,
,,,,,,,,,,,,,,,,,,,,,,
BARNEGAT,369,2,22,,0.4,0,98,0,0.7,0,322,0,,0.7,0,-0.2,0,313,0,335,0,
39 46 N,,,,,,,,,,,,,,,,,,,,,,
73 56 W,,,,,,,,,,,,,,,,,,,,,,
,,,,,,,,,,,,,,,,,,,,,,
MD,116,40,1,,1.2,0.3,73,25,1.4,0.3,312,31,,1.6,0.3,-0.9,0.3,289,23,323,6,
38 59 N,,,,,,,,,,,,,,,,,,,,,,
74 02 W,,,,,,,,,,,,,,,,,,,,,,
,,,,,,,,,,,,,,,,,,,,,,
L.EGG INLET,264,5,7,,1.3,0,126,0,1.2,0,360,0,,1.6,0,-0.8,0,331,0,312,0,
39 28 N,365,10,2,,0.8,0,113,0,0.7,0,327,0,,1,0,-0.3,0,308,0,310,0,
74 15 W,,,,,,,,,,,,,,,,,,,,,,
,,,,,,,,,,,,,,,,,,,,,,
NE END LoS.,369,2,2.4,,1.7,0,130,0,1,0,331,0,,2,0,-0.3,0,315,0,298,0,
38 58 N,,,,,,,,,,,,,,,,,,,,,,
74 30 W,,,,,,,,,,,,,,,,,,,,,,
,,,,,,,,,,,,,,,,,,,,,,
Southtern Middle Atlantic Bight,,,,,,,,,,,,,,,,,,,,,,
,,,,,,,,,,,,,,,,,,,,,,
WINTER QU,369,2,22,,0.3,0,139,0,0.3,0,3,0,,0.4,0,-0.2,0,336,0,308,0,
37 55 N,,,,,,,,,,,,,,,,,,,,,,
71 56 W,,,,,,,,,,,,,,,,,,,,,,
,,,,,,,,,,,,,,,,,,,,,,
MAR,53,9,29,,2.4,0.2,126,5,1. 2,0. 2,340,11,,2.6,0,-0.6,0,312,0,294,0,
36 50 N,52,21,17,,1.7,0.2,179,7,1.9,0.2,71,6,,2.1,0,-1.5,0,44,0,325,0,
75 02 W,53,32,6,,1.4,0.4,158,7,3.8,0.7,354,11,,5.1,0,-0.7,0,347,0,318,0,
,,,,,,,,,,,,,,,,,,,,,,
DIAMOND,738,2,51,,0.3,0.1,16,8,0.8,0,318,88,,0.8,0.1,-0.1,0.1,318,89,2,13,
35 05 N,,,,,,,,,,,,,,,,,,,,,,
75 20 W,,,,,,,,,,,,,,,,,,,,,,
,,,,,,,,,,,,,,,,,,,,,,
CHESAPEAKE,369,2,17,,1.8,0,201,0,0.1,0,63,0,,1.9,0,-0.2,0,22,0,277,0,
36 59 N,,,,,,,,,,,,,,,,,,,,,,
75 42 W,,,,,,,,,,,,,,,,,,,,,,
,,,,,,,,,,,,,,,,,,,,,,
Oceanic,,,,,,,,,,,,,,,,,,,,,,
,,,,,,,,,,,,,,,,,,,,,,
S8,415,70,2470,,1,0.6,171, 2R,1,0.4,33,18,,1.4,0.6,-0.6,0.4,12,30,317,11,
42 00 N,415,1500,1040,,0.3,0.1,125,13,0.1,0.1,22,17,,0.3,0.3,-0.1,0,17,82,345,86,
63 30 W,96,2510,10,,0,0,282,0,0.2,0,302,0,,0.2,0,0,0,302,0,360,0,
,,,,,,,,,,,,,,,,,,,,,,
NES765,180,1995,655,,0.5,0.2,109,19,0.4,0.2,1,24,,0.5,0,-0.4,0,308,0,297,0,
39 17 N,,,,,,,,,,,,,,,,,,,,,,
70 50 W,,,,,,,,,,,,,,,,,,,,,,
